timestamp_iso,fixes,frames,sync_errors,fix_rate_hz,sync_error_rate_hz,error_pct,span_s,note
2026-09-27T22:42:07.256Z,3384,846,0,376.0,0.0,0.0,9,
2026-09-27T22:42:25.756Z,3297,825,1,366.3,0.1,0.1,9,
2026-09-27T22:42:35.757Z,4020,1005,0,402.0,0.0,0.0,10,
2026-09-27T22:42:45.757Z,3996,999,0,399.6,0.0,0.0,10,
2026-09-27T22:42:55.758Z,3992,998,0,399.2,0.0,0.0,10,
2026-09-27T22:43:05.759Z,4004,1001,2,400.4,0.2,0.2,10,
2026-09-27T22:43:15.759Z,3988,997,0,398.8,0.0,0.0,10,
2026-09-27T22:43:25.760Z,3989,998,2,398.9,0.2,0.2,10,
2026-09-27T22:43:35.762Z,4020,1005,0,402.0,0.0,0.0,10,
2026-09-27T22:43:45.763Z,3972,993,0,397.2,0.0,0.0,10,
2026-09-27T22:43:55.763Z,4020,1005,0,402.0,0.0,0.0,10,
2026-09-27T22:44:05.765Z,4020,1005,0,402.0,0.0,0.0,10,
2026-09-27T22:44:15.764Z,3972,993,0,397.2,0.0,0.0,10,
2026-09-27T22:44:25.765Z,4005,1002,1,400.5,0.1,0.1,10,
2026-09-27T22:44:35.767Z,4008,1002,0,400.8,0.0,0.0,10,
2026-09-27T22:44:45.767Z,3992,998,0,399.2,0.0,0.0,10,
2026-09-27T22:44:55.769Z,4016,1004,0,401.6,0.0,0.0,10,
2026-09-27T22:45:05.770Z,3976,994,1,397.6,0.1,0.1,10,
2026-09-27T22:45:15.770Z,4000,1000,0,400.0,0.0,0.0,10,
2026-09-27T22:45:25.772Z,4009,1003,1,400.9,0.1,0.1,10,
2026-09-27T22:45:35.773Z,3980,995,0,398.0,0.0,0.0,10,
2026-09-27T22:45:45.773Z,4016,1004,0,401.6,0.0,0.0,10,
2026-09-27T22:45:55.773Z,4016,1004,0,401.6,0.0,0.0,10,
2026-09-27T22:46:05.773Z,3960,990,1,396.0,0.1,0.1,10,
2026-09-27T22:46:15.773Z,4020,1005,0,402.0,0.0,0.0,10,
2026-09-27T22:46:25.774Z,4012,1003,0,401.2,0.0,0.0,10,
2026-09-27T22:46:35.777Z,3988,997,0,398.8,0.0,0.0,10,
2026-09-27T22:46:45.783Z,3972,993,4,397.2,0.4,0.4,10,
2026-09-27T22:46:55.788Z,3976,994,1,397.6,0.1,0.1,10,
2026-09-27T22:47:05.790Z,3912,978,8,391.2,0.8,0.8,10,
2026-09-27T22:47:15.791Z,4000,1000,5,400.0,0.5,0.5,10,
2026-09-27T22:47:25.793Z,3573,894,29,357.3,2.9,3.1,10,
2026-09-27T22:47:35.793Z,3972,993,1,397.2,0.1,0.1,10,
2026-09-27T22:47:45.793Z,4016,1004,0,401.6,0.0,0.0,10,
2026-09-27T22:47:55.795Z,3820,955,10,382.0,1.0,1.0,10,
2026-09-27T22:48:05.796Z,3780,945,16,378.0,1.6,1.7,10,
2026-09-27T22:48:15.797Z,2592,648,40,259.2,4.0,5.8,10,
2026-09-27T22:48:25.799Z,2261,566,6,226.1,0.6,1.0,10,
2026-09-27T22:48:35.799Z,4020,1005,0,402.0,0.0,0.0,10,
2026-09-27T22:48:45.800Z,4008,1002,0,400.8,0.0,0.0,10,
2026-09-27T22:48:55.802Z,3984,996,0,398.4,0.0,0.0,10,
2026-09-27T22:49:05.803Z,4000,1000,1,400.0,0.1,0.1,10,
2026-09-27T22:49:15.804Z,1564,391,27,156.4,2.7,6.5,10,
2026-09-27T22:49:25.807Z,2457,615,19,245.7,1.9,3.0,10,
2026-09-27T22:49:35.807Z,3348,837,48,334.8,4.8,5.4,10,
2026-09-27T22:49:45.806Z,712,178,58,71.2,5.8,24.6,10,
2026-09-27T22:49:55.808Z,612,153,52,61.2,5.2,25.4,10,
2026-09-27T22:50:05.808Z,1244,311,88,124.4,8.8,22.1,10,
2026-09-27T22:50:15.808Z,2360,590,76,236.0,7.6,11.4,10,
2026-09-27T22:50:25.808Z,3541,886,48,354.1,4.8,5.1,10,
2026-09-27T22:50:35.809Z,2316,579,30,231.6,3.0,4.9,10,
2026-09-27T22:50:45.808Z,3872,968,16,387.2,1.6,1.6,10,
2026-09-27T22:50:55.810Z,3976,994,4,397.6,0.4,0.4,10,
2026-09-27T22:51:05.811Z,3572,893,26,357.2,2.6,2.8,10,
2026-09-27T22:51:15.813Z,784,196,53,78.4,5.3,21.3,10,
2026-09-27T22:51:25.815Z,0,0,0,0.0,0.0,0.0,10,
2026-09-27T22:51:35.816Z,2353,589,66,235.3,6.6,10.1,10,
2026-09-27T22:51:45.816Z,3484,871,46,348.4,4.6,5.0,10,
2026-09-27T22:51:55.816Z,3052,763,72,305.2,7.2,8.6,10,
2026-09-27T22:52:05.817Z,2048,512,102,204.8,10.2,16.6,10,
2026-09-27T22:52:15.818Z,2488,622,56,248.8,5.6,8.3,10,
2026-09-27T22:52:25.819Z,2849,713,62,284.9,6.2,8.0,10,
2026-09-27T22:52:35.820Z,2792,698,63,279.2,6.3,8.3,10,
2026-09-27T22:52:45.823Z,44,11,5,4.4,0.5,31.3,10,
2026-09-27T22:52:55.825Z,1000,250,65,100.0,6.5,20.6,10,
2026-09-27T22:53:05.825Z,3084,771,50,308.4,5.0,6.1,10,
2026-09-27T22:53:15.827Z,3792,948,11,379.2,1.1,1.1,10,
2026-09-27T22:53:25.828Z,3509,878,28,350.9,2.8,3.1,10,
2026-09-27T22:53:35.828Z,3152,788,49,315.2,4.9,5.9,10,
2026-09-27T22:53:45.830Z,3176,794,50,317.6,5.0,5.9,10,
2026-09-27T22:53:55.831Z,3660,915,22,366.0,2.2,2.3,10,
2026-09-27T22:54:05.832Z,1956,489,18,195.6,1.8,3.6,10,
2026-09-27T22:54:15.833Z,1328,332,9,132.8,0.9,2.6,10,
2026-09-27T22:54:25.833Z,5248,1312,14,524.8,1.4,1.1,10,
2026-09-27T22:54:35.833Z,5224,1306,20,522.4,2.0,1.5,10,
2026-09-27T22:54:45.834Z,3888,972,23,388.8,2.3,2.3,10,
2026-09-27T22:54:55.837Z,0,0,0,0.0,0.0,0.0,10,
2026-09-27T22:55:05.838Z,0,0,0,0.0,0.0,0.0,10,
2026-09-27T22:55:15.839Z,0,0,0,0.0,0.0,0.0,10,
2026-09-27T22:55:25.840Z,0,0,0,0.0,0.0,0.0,10,
2026-09-27T22:55:35.841Z,0,0,0,0.0,0.0,0.0,10,
2026-09-27T22:55:45.843Z,0,0,0,0.0,0.0,0.0,10,
2026-09-27T22:55:55.846Z,0,0,0,0.0,0.0,0.0,10,
2026-09-27T22:56:05.848Z,0,0,0,0.0,0.0,0.0,10,
2026-09-27T22:56:15.849Z,0,0,0,0.0,0.0,0.0,10,
2026-09-27T22:56:25.850Z,2,2,1,0.2,0.1,33.3,10,
2026-09-27T22:56:35.853Z,0,0,0,0.0,0.0,0.0,10,
2026-09-27T22:56:45.854Z,0,0,0,0.0,0.0,0.0,10,
2026-09-27T22:56:55.856Z,0,0,0,0.0,0.0,0.0,10,
2026-09-27T22:57:05.857Z,0,0,0,0.0,0.0,0.0,10,
2026-09-27T22:57:15.859Z,0,0,0,0.0,0.0,0.0,10,
2026-09-27T22:57:25.861Z,1,1,0,0.1,0.0,0.0,10,
2026-09-27T22:57:35.863Z,0,0,0,0.0,0.0,0.0,10,
2026-09-27T22:57:45.865Z,0,0,0,0.0,0.0,0.0,10,
2026-09-27T22:57:55.868Z,0,0,0,0.0,0.0,0.0,10,
2026-09-27T22:58:05.870Z,0,0,0,0.0,0.0,0.0,10,
2026-09-27T22:58:15.872Z,0,0,0,0.0,0.0,0.0,10,
2026-09-27T22:58:25.873Z,1,1,0,0.1,0.0,0.0,10,
2026-09-27T22:58:35.875Z,0,0,0,0.0,0.0,0.0,10,
2026-09-27T22:58:45.876Z,0,0,0,0.0,0.0,0.0,10,
2026-09-27T22:58:55.878Z,0,0,0,0.0,0.0,0.0,10,
2026-09-27T22:59:05.880Z,0,0,0,0.0,0.0,0.0,10,
2026-09-27T22:59:15.881Z,0,0,0,0.0,0.0,0.0,10,
2026-09-27T22:59:25.883Z,1,1,0,0.1,0.0,0.0,10,
2026-09-27T22:59:35.883Z,0,0,0,0.0,0.0,0.0,10,
